timestamp,iteration,peptide,objective_value,phase
2025-09-12T13:02:09.798294,0,ARNRKDGLGAMDY,0.05782122361219886,initial
2025-09-12T13:02:09.798294,0,ARNRKDGLGAMDW,-1,initial
2025-09-12T13:02:09.798294,0,ARNPRKDGLGAMDY,0.08633204952506504,initial
2025-09-12T13:02:09.798294,0,AQNPRIYDGLGAMDY,0.025376939190352343,initial
2025-09-12T13:02:09.798294,0,AQNPFDGLGAMDYME,0.012566101265716252,initial
2025-09-12T13:02:09.798294,0,ARNPRYDGLGAMDY,0.09730956833372424,initial
2025-09-12T13:02:09.798294,0,RNPRYDILGAMDY,0.10275210113962496,initial
2025-09-12T13:02:09.798294,0,AQNPRYDGLGAMDY,0.06134896169892787,initial
2025-09-12T13:02:09.798294,0,ARNPRDGLGAMDY,0.09990580113287656,initial
2025-09-12T13:02:09.798294,0,AQNPRDGLGAMDYM,0.10756391481148479,initial
2025-09-12T13:02:09.798294,0,AQNPRIVDGLGAMDY,0.026630169011727,initial
2025-09-12T13:12:45.628540,1,RNRRYDILIGMDY,-1,expected_improvement
2025-09-12T13:12:45.628540,1,ARNPREYDDLGDAMDY,-1,expected_improvement
2025-09-12T13:12:45.628540,1,MARNPRKDGLGLMDYV,0.0990619832571014,expected_improvement
2025-09-12T13:12:45.628540,1,RNPRWDILGMDY,0.06365225886807474,expected_improvement
2025-09-12T13:12:45.628540,1,ARNPRDDGLGMDYD,0.05655036886406475,expected_improvement
2025-09-12T13:22:29.109441,2,AQNPRDGLGAWDYMI,0.023800030041022283,expected_improvement
2025-09-12T13:22:29.109441,2,QARNPRYDGLGAMDY,0.05961293776071794,expected_improvement
2025-09-12T13:22:29.109441,2,ARNPRIYDGLGAMDHT,0.08324172551231133,expected_improvement
2025-09-12T13:22:29.109441,2,ARDNPRDGLGLMDYV,0.12129684158597707,expected_improvement
2025-09-12T13:22:29.109441,2,ARNPRDGLGFAMDY,0.09471655494681522,expected_improvement
2025-09-12T13:54:44.255525,3,MARNPEKLDGLGLMDYV,0.056079178855746085,expected_improvement
2025-09-12T13:54:44.255525,3,MARNPRKDGLGLMYDMYV,0.11366908040120366,expected_improvement
2025-09-12T13:54:44.255525,3,RNPRQYDLGAMDY,-1,expected_improvement
2025-09-12T13:54:44.255525,3,MAPNPRKLDGLGLMDYV,0.07885781314521817,expected_improvement
2025-09-12T13:54:44.255525,3,RPVRYDILGAIMDY,0.06146386741112716,expected_improvement
