timestamp,iteration,peptide,phase,distance_score,in_binding_site,interface_dG,interface_sasa,iptm,n_contacts,peptide_pae,peptide_plddt,rosetta_score
2025-09-11T14:45:30.311184,0,RRPRSDILGAMD,initial,6.038893522635294,True,-58.1272354007222,40.14764421454957,0.4086337215294139,2,7.115534144553311,61.102100811960426,-253.3490246016898
2025-09-11T14:45:30.311184,0,RRPRDILGMDQ,initial,5.640089414176246,False,-74.62536107465378,244.70658545232405,0.2598842015911218,1,4.678009317811233,67.21230530447433,-58.02456094884864
2025-09-11T14:45:30.311184,0,RRPRYDILGAMDY,initial,7.2053087858034095,True,-49.83337353752374,516.5829232265007,0.37111973017639754,8,10.153860411476249,65.31244463165443,-510.4830417123454
2025-09-11T14:45:30.311184,0,RRPRSDILGAMDY,initial,7.219845926211665,True,-11.955106451586792,701.4696088507474,0.5293199308697879,1,17.42351576639743,68.61087227844197,-260.87310105232666
2025-09-11T14:45:30.311184,0,RRPRGDILGAMDY,initial,5.947201974582139,True,-33.697551727434416,527.1878428313585,0.5487666290798,4,11.02723442844934,65.9643815866859,0.1772464553094153
2025-09-11T14:45:30.311184,0,RRPRDILGMDRM,initial,6.21552304473498,True,-16.44516896165062,34.13341008839344,0.35607371825412937,2,4.7846430254789984,88.48622213094247,-423.7640001253245
2025-09-11T14:45:30.311184,0,ARNPRDGLGAMDY,initial,6.6375443969079715,False,-46.69055622542885,397.561499698305,0.2746482948643933,8,6.960515950695423,71.36936318707137,-709.1160916944706
2025-09-11T14:45:30.311184,0,ARNPRDGLGAMD,initial,6.458090040814779,True,-42.64697480126793,230.251623708225,0.6015508421584913,5,18.32447958141873,67.5719976450141,-727.8290886829577
2025-09-11T14:45:30.311184,0,RNPRYDILGAMDY,initial,6.357115924820629,False,-37.06702044064992,171.2818721993531,0.5132066854419218,6,5.812665454834836,80.89337437779261,-827.7053619097265
2025-09-11T14:45:30.311184,0,RRPRDILGAMDY,initial,6.382607140665904,True,-62.49414550028217,351.67619864695865,0.731759553600699,5,12.284926988807912,55.727069166019,-821.301331934053
2025-09-11T14:45:30.311184,0,RRPRDMILGAMDY,initial,7.099749068501884,True,-38.106322503190206,1058.581351684048,0.5239330851837289,7,7.853124205429719,41.45978173864808,-551.644325870697
2025-09-11T14:45:30.311184,0,RRPRDMILWGAMDY,initial,7.2854378561765545,True,1.9339090728169506,24.158917537932407,0.33257831491789547,6,5.483077423707718,69.69643915895085,30.10335205814212
2025-09-11T14:45:30.311184,0,RRPRSTDLILGAMD,initial,6.169458635458685,True,-82.90861102915208,922.892236438949,0.8166934955840481,4,6.708894934472601,61.4938678469716,17.072092612823212
2025-09-11T14:45:30.311184,0,RRPRDILGAMDQ,initial,5.931635755942176,True,-33.92449839169507,465.9318268589768,0.2792495614494178,4,5.282932890718699,74.1810004461873,-424.7923049060034
2025-09-11T14:45:30.311184,0,RRPRSDILGAMDD,initial,6.492924925458278,True,-0.6674444207872483,319.29712932934274,0.43703024261907264,4,10.35756463218322,60.09122463200106,-234.09656568687382
2025-09-11T14:45:30.311184,0,RRPRFYDILGAMDY,initial,6.657445992246394,True,-1.667575345150862,132.98859803044897,0.32957235707051313,7,3.9647189783513777,63.63869003234687,-409.41418153407363
2025-09-11T14:45:30.311184,0,RRPRDILGAMY,initial,6.8038807033434505,True,-55.40339741447574,471.73528488525164,0.3811976914796069,1,9.136292498591077,70.20933258893263,56.56959748181049
2025-09-11T14:45:30.311184,0,ARNPRYDGLGAMDY,initial,6.645940407062738,True,-0.37773021813113594,332.47238754465707,0.28097987161836424,5,5.2866915149982665,63.94470863571832,-571.521363198686
2025-09-11T14:45:30.311184,0,ARNIRDGLGAMD,initial,7.216053096113788,True,-20.814969097913348,76.06113165347558,0.5979629903539019,4,6.333857106187106,71.99496425394491,-476.3827940634392
2025-09-11T14:45:30.311184,0,RRPRFPDILGAMDY,initial,5.742416855201102,True,5.749474518682604,361.7848659442108,0.6824274860093829,2,5.993707703193489,77.77474680428023,-168.07835636385832
2025-09-11T14:45:37.799088,1,RRPRFPDWLGAMD,expected_improvement,5.685405073849924,True,-22.35631135419815,811.2425136865854,0.7970483635700587,12,5.003467535870608,40,-576.8306435831339
2025-09-11T14:45:37.799088,1,RPRFPDIGAMDY,expected_improvement,5.769519187615923,True,-66.40905531268734,401.57177290541136,0.694488760762763,7,8.806091363463018,85.9600843944682,-343.7080179483692
2025-09-11T14:45:37.799088,1,ARNIRFDGLGAMD,expected_improvement,5.760937245353172,True,-67.20570477984914,448.6827864146052,0.3417224581705277,6,8.183249090802866,82.98801990727772,-227.161241667124
2025-09-11T14:45:37.799088,1,RRPRFPDILGAMD,expected_improvement,7.112123693754713,True,-40.54171681091222,5.155166369763527,0.3744132825864399,6,3.9265070729358453,90,-311.0054939426109
2025-09-11T14:45:37.799088,1,ARNIRCDGLGAMD,expected_improvement,6.950887135833132,True,-8.052060761622407,42.641406107783304,0.5518666972674007,7,10.581406047503283,90,-207.59893200539256
2025-09-11T14:45:37.799088,1,RRPRFPDILGAMY,expected_improvement,7.465398282808098,True,-31.13563507533317,640.5281920744344,0.3989501928845026,6,6.815755919877725,71.61588377134419,-787.8113380241618
2025-09-11T14:45:37.799088,1,RRPRFPDILGAMDRY,expected_improvement,6.516220070765238,True,-74.23409623794207,489.5343843687622,0.44495092742293396,5,3.7680009364491887,44.124650305563,-426.4971948850266
2025-09-11T14:45:37.799088,1,ARNIDGLGAMD,expected_improvement,6.664877714095361,True,1.468205449418127,1157.4994087057405,0.3468470734097927,5,8.987668139181459,75.30972694709783,-612.2754889574021
2025-09-11T14:45:37.799088,1,RRPYDILGAMDY,expected_improvement,6.405319150344819,True,7.128297304880583,172.0865529393365,0.33384883271654797,11,4.8042987457391915,69.52725326945658,-820.6661703894987
2025-09-11T14:45:37.799088,1,RQPRSDYLGAMD,expected_improvement,6.00363940857747,True,-58.8333008659122,425.76235279778734,0.19939866102331383,7,15.062658250943805,90,-388.082851660909
2025-09-11T14:45:38.891672,2,RRPRFPDRLGAMY,expected_improvement,6.485313159879564,True,-28.891123570666025,1441.8221460075679,0.7303130481046474,7,7.062949564807515,48.5106373891747,-137.48981043101676
2025-09-11T14:45:38.891672,2,RRPRFPDILGAMDRP,expected_improvement,6.373518388286784,True,-51.5685614776389,113.34955313205309,0.6533139160048378,7,5.230562337855094,71.87726936055378,-256.9349499245973
2025-09-11T14:45:38.891672,2,RPRFPNDIGPMDY,expected_improvement,6.462788841047034,True,-51.014111252906744,217.9292619677625,0.5727468381626825,2,18.149337960898187,61.04812138238633,-825.52198950182
2025-09-11T14:45:38.891672,2,RRPRFPDILGAMDR,expected_improvement,7.278668042995424,True,-6.188119444154886,118.14540124595226,0.3526472133114471,8,6.119817538846153,80.24101726754772,-517.1926539897637
2025-09-11T14:45:38.891672,2,RRPRFPDILGAMDRR,expected_improvement,6.420263415411306,True,-59.32510347551533,8.381782857383225,0.42936362357740754,9,12.324884503622854,56.3317073179617,-912.3070189023902
2025-09-11T14:45:38.891672,2,ARNIRGLGAM,expected_improvement,5.54185228659518,True,-89.24298440902274,145.11475481147596,0.3725738124611183,6,8.103297128610283,90,-215.84964388938943
2025-09-11T14:45:38.891672,2,RRPRFPDILGAMD,expected_improvement,7.112123693754713,True,-40.54171681091222,5.155166369763527,0.3744132825864399,6,3.9265070729358453,90,-311.0054939426109
2025-09-11T14:45:38.891672,2,RPRFPDIVAMDY,expected_improvement,6.771957562445557,True,-75.28055995244031,997.0009529857637,0.6780249715489718,4,7.3106614905616905,79.55675309047349,61.22039492922573
2025-09-11T14:45:38.891672,2,RRPRDILGAMDQ,expected_improvement,5.931635755942176,True,-33.92449839169507,465.9318268589768,0.2792495614494178,4,5.282932890718699,74.1810004461873,-424.7923049060034
2025-09-11T14:45:38.891672,2,RRPRFPDILGAVMY,expected_improvement,5.7882292914401505,True,-9.12113995959563,285.4250279681085,0.2185555430078972,7,6.468440096952998,70.7799427823673,-751.7499004211506
2025-09-11T14:45:40.221583,3,RRPRFPDRLGAMR,expected_improvement,7.22507478364771,True,-1.4719764639405386,929.5739236725206,0.52129216031475,6,7.024326068716552,84.53329693487498,-130.92539928265262
2025-09-11T14:45:40.221583,3,RRPRFPDARLGAM,expected_improvement,7.3036208907645035,True,3.056276214559654,487.99305312852266,0.5379823266279651,6,3.9567369141254165,44.859823046854494,-794.6859683930176
2025-09-11T14:45:40.221583,3,RRPRFPDRLGAMC,expected_improvement,6.659215585525401,True,-21.459740333355274,313.6477159622839,0.3381527434290754,1,18.243432271511022,78.87475480820963,-857.1984058012956
2025-09-11T14:45:40.221583,3,RRPRFPDRLGAM,expected_improvement,7.22922897241626,False,-1.071248169448947,62.710874679639176,0.6024599874385353,4,8.23666577460439,68.95052520160661,-297.5200782661493
2025-09-11T14:45:40.221583,3,RRPRFPDRLGAMRY,expected_improvement,6.792353100977051,True,-69.3738272005584,1228.188111973805,0.29064500923169556,6,10.934526277441197,71.69199409472334,-66.63050630940398
2025-09-11T14:45:40.221583,3,RRAPRFPDILGDAMDRP,expected_improvement,7.259101296291043,True,-61.276915372854,367.4854827215942,0.5077899246394516,3,14.528672779786948,48.31723041471799,-485.50879767405144
2025-09-11T14:45:40.221583,3,RRPRFPDRLGAMVY,expected_improvement,6.12095334218157,True,-6.87559430594189,371.220630503475,0.6946281282683824,1,16.21907056922065,60.319605631536824,-693.2155379770063
2025-09-11T14:45:40.221583,3,RRRFPDILAMDRP,expected_improvement,7.353788697303047,True,-21.627713919758087,1336.1029740355043,0.3913046462164569,5,8.23597855622759,75.37319968905959,-323.1082327682345
2025-09-11T14:45:40.221583,3,RPRFPDIVAMDT,expected_improvement,6.833568693492218,True,-46.73747949823043,36.79061414470501,0.6192801784591373,6,5.581334285908177,40,-404.2811763989261
2025-09-11T14:45:40.221583,3,RRPRFPDILCAMDRY,expected_improvement,5.857777188790975,True,-45.66608487644414,341.177950238165,0.832904481585698,4,8.00845682431736,48.708121642519515,-332.27051614167704
2025-09-11T14:45:41.451471,4,RPRFQPDIVAMDY,upper_confidence_bound,6.646029202270059,False,-2.3536761752738293,371.56342329337326,0.5706490785913068,8,8.204864507906446,63.1551182848528,-496.85334228008276
2025-09-11T14:45:41.451471,4,RRTRFPDILGAMDRP,upper_confidence_bound,6.414990593222458,True,-40.511822100798085,657.0524859859504,0.40861522177776843,5,9.088195082526532,77.4909226656202,-856.0351434208046
2025-09-11T14:45:41.451471,4,RPRFDIVAMDY,upper_confidence_bound,5.742488445870755,False,-23.809554985764276,375.6260464403893,0.1538475687591025,7,13.282462469834135,59.572667990958415,-546.9515280700746
2025-09-11T14:45:41.451471,4,RPRFPDIVAMDIY,upper_confidence_bound,6.145182561068786,False,-27.37453732736614,92.04521705762356,0.47226081007166,4,9.243529433054562,86.4454126880209,-436.6576067455627
2025-09-11T14:45:41.451471,4,PRFPDIVAMDY,upper_confidence_bound,6.41881682526385,True,-88.6289918240698,826.7232691343604,0.307585760351619,8,8.279481835835231,90,-819.6719187506988
2025-09-11T14:45:41.451471,4,RPRFPDTIVAMDT,upper_confidence_bound,6.2814117576325375,True,-7.226572275567653,208.40801155858003,0.4180908153483157,3,6.744733893875317,55.78755814557975,-233.81705238333757
2025-09-11T14:45:41.451471,4,RRPCRFPDILCAMDRY,upper_confidence_bound,7.146975404017572,False,-9.070499839164153,47.86459358270191,0.20170050549470517,5,7.955201088064653,71.53923947921287,-297.56200208961917
2025-09-11T14:45:41.451471,4,RPRFPDIVAMSDT,upper_confidence_bound,7.093718122071049,True,-5.328555454953805,609.9177652728764,0.5372178289375601,5,9.212266985157694,50.30902316682622,-690.8530111614766
2025-09-11T14:45:50.290759,5,RPRFPDIVAMDPY,upper_confidence_bound,5.873152821555712,False,-32.91385732049624,13.985143979598854,0.24646549121172875,4,5.640067933006506,63.02524273772574,-707.484843313631
2025-09-11T14:45:50.290759,5,RPRFPYDIVAMDYQ,upper_confidence_bound,6.8220314030723195,False,-45.941255276324725,1869.5559765231503,0.4226377516698473,4,10.285413393208088,47.830441733449824,-212.7195627045088
2025-09-11T14:45:50.290759,5,RPWFPDIVAEDY,upper_confidence_bound,6.191431081217862,False,-33.11845557971949,86.47262940233857,0.4586255941486468,2,7.610105155219198,85.35679216480219,-753.2432310156556
2025-09-11T14:45:50.290759,5,RPRPDIVAMDY,upper_confidence_bound,7.414045245936987,True,20.391349285201937,283.774854248314,0.32567663576102396,6,5.362318506458008,78.53060607955852,-403.26171777164996
2025-09-11T14:45:50.290759,5,RRPRFPDRLGAM,upper_confidence_bound,7.22922897241626,False,-1.071248169448947,62.710874679639176,0.6024599874385353,4,8.23666577460439,68.95052520160661,-297.5200782661493
2025-09-11T14:45:50.290759,5,RPRFPDILGAMDRP,upper_confidence_bound,6.412001986951115,True,-50.7672705426321,75.72683325597971,0.7326790272996788,2,4.67610716280751,40,-822.3211969302426
2025-09-11T14:45:50.290759,5,RRPRFPRDLGAMD,upper_confidence_bound,5.9616968307233495,True,-63.21466771011964,134.28657286356383,0.4540280085540567,3,9.669626091134427,52.231876960235326,-510.9115285266515
2025-09-11T14:45:50.290759,5,RCPRFPDRLGARMY,upper_confidence_bound,5.953817275758762,True,-51.63997271290917,179.19126069543773,0.3525621375440654,2,3.5138433206431543,90,-483.9197683314048
